x_1,Bubble Line,Dew Line,y_1,y
0,334.426,334.426,0,0
0.01,334.463,334.471,0.01,1
0.02,334.515,334.55,0.02,
0.03,334.576,334.67,0.03,
0.04,334.646,334.84,0.04,
0.05,334.722,335.072,0.05,
0.06,334.802,335.371,0.06,
0.07,334.886,335.75,0.07,
0.08,334.973,336.196,0.08,
0.09,335.063,336.7,0.09,
0.1,335.155,337.245,0.1,
0.11,335.248,337.819,0.11,
0.12,335.344,338.412,0.12,
0.13,335.442,339.019,0.13,
0.14,335.543,339.634,0.14,
0.15,335.646,340.252,0.15,
0.16,335.752,340.868,0.16,
0.17,335.861,341.482,0.17,
0.18,335.975,342.088,0.18,
0.19,336.092,342.687,0.19,
0.2,336.213,343.277,0.2,
0.21,336.338,343.857,0.21,
0.22,336.468,344.427,0.22,
0.23,336.602,344.986,0.23,
0.24,336.741,345.534,0.24,
0.25,336.883,346.071,0.25,
0.26,337.03,346.598,0.26,
0.27,337.18,347.115,0.27,
0.28,337.334,347.622,0.28,
0.29,337.492,348.118,0.29,
0.3,337.653,348.605,0.3,
0.31,337.817,349.083,0.31,
0.32,337.985,349.551,0.32,
0.33,338.156,350.01,0.33,
0.34,338.331,350.462,0.34,
0.35,338.51,350.906,0.35,
0.36,338.693,351.341,0.36,
0.37,338.879,351.769,0.37,
0.38,339.069,352.19,0.38,
0.39,339.264,352.603,0.39,
0.4,339.463,353.008,0.4,
0.41,339.666,353.409,0.41,
0.42,339.875,353.802,0.42,
0.43,340.088,354.188,0.43,
0.44,340.307,354.569,0.44,
0.45,340.531,354.945,0.45,
0.46,340.762,355.315,0.46,
0.47,340.999,355.678,0.47,
0.48,341.244,356.036,0.48,
0.49,341.495,356.389,0.49,
0.5,341.754,356.736,0.5,
0.51,342.021,357.079,0.51,
0.52,342.297,357.417,0.52,
0.53,342.581,357.751,0.53,
0.54,342.874,358.079,0.54,
0.55,343.176,358.406,0.55,
0.56,343.487,358.726,0.56,
0.57,343.809,359.042,0.57,
0.58,344.141,359.354,0.58,
0.59,344.483,359.662,0.59,
0.6,344.837,359.966,0.6,
0.61,345.201,360.267,0.61,
0.62,345.577,360.564,0.62,
0.63,345.964,360.857,0.63,
0.64,346.363,361.147,0.64,
0.65,346.774,361.433,0.65,
0.66,347.197,361.717,0.66,
0.67,347.633,361.997,0.67,
0.68,348.081,362.274,0.68,
0.69,348.543,362.549,0.69,
0.7,349.017,362.82,0.7,
0.71,349.505,363.085,0.71,
0.72,350.006,363.351,0.72,
0.73,350.522,363.613,0.73,
0.74,351.052,363.873,0.74,
0.75,351.597,364.13,0.75,
0.76,352.157,364.385,0.76,
0.77,352.731,364.637,0.77,
0.78,353.322,364.887,0.78,
0.79,353.928,365.134,0.79,
0.8,354.55,365.378,0.8,
0.81,355.186,365.62,0.81,
0.82,355.839,365.863,0.82,
0.83,356.507,366.1,0.83,
0.84,357.189,366.335,0.84,
0.85,357.888,366.568,0.85,
0.86,358.601,366.8,0.86,
0.87,359.328,367.029,0.87,
0.88,360.068,367.257,0.88,
0.89,360.822,367.482,0.89,
0.9,361.588,367.704,0.9,
0.91,362.365,367.926,0.91,
0.92,363.154,368.146,0.92,
0.93,363.952,368.364,0.93,
0.94,364.76,368.581,0.94,
0.95,365.579,368.795,0.95,
0.96,366.408,369.009,0.96,
0.97,367.248,369.218,0.97,
0.98,368.098,369.428,0.98,
0.99,368.963,369.637,0.99,
1,369.843,369.843,1,