x_1,Bubble Line,Dew Line,$\ln(\gamma_1)$,$\ln(\gamma_2)$
0,0.073,0.073,1.663,0
0.01,0.089,0.074,1.612,0
0.02,0.102,0.075,1.563,0.001
0.03,0.115,0.076,1.515,0.002
0.04,0.126,0.076,1.469,0.004
0.05,0.136,0.077,1.424,0.006
0.06,0.146,0.078,1.381,0.009
0.07,0.154,0.079,1.339,0.011
0.08,0.162,0.08,1.299,0.015
0.09,0.169,0.08,1.26,0.018
0.1,0.176,0.081,1.222,0.022
0.11,0.182,0.082,1.185,0.027
0.12,0.188,0.083,1.149,0.031
0.13,0.193,0.084,1.115,0.036
0.14,0.197,0.085,1.081,0.041
0.15,0.202,0.086,1.048,0.047
0.16,0.206,0.087,1.017,0.053
0.17,0.21,0.088,0.986,0.059
0.18,0.214,0.089,0.956,0.065
0.19,0.217,0.09,0.927,0.072
0.2,0.22,0.091,0.898,0.079
0.21,0.223,0.092,0.871,0.086
0.22,0.226,0.093,0.844,0.093
0.23,0.229,0.094,0.818,0.101
0.24,0.231,0.095,0.792,0.109
0.25,0.234,0.096,0.768,0.117
0.26,0.236,0.098,0.744,0.125
0.27,0.238,0.099,0.72,0.133
0.28,0.24,0.1,0.697,0.142
0.29,0.242,0.102,0.675,0.151
0.3,0.244,0.103,0.653,0.16
0.31,0.246,0.104,0.631,0.17
0.32,0.248,0.106,0.61,0.179
0.33,0.249,0.107,0.589,0.189
0.34,0.251,0.109,0.569,0.2
0.35,0.252,0.11,0.549,0.21
0.36,0.254,0.112,0.529,0.221
0.37,0.255,0.113,0.51,0.232
0.38,0.256,0.115,0.491,0.244
0.39,0.257,0.117,0.472,0.255
0.4,0.258,0.119,0.454,0.267
0.41,0.26,0.12,0.436,0.28
0.42,0.261,0.122,0.418,0.292
0.43,0.262,0.124,0.401,0.305
0.44,0.263,0.126,0.384,0.317
0.45,0.264,0.128,0.368,0.33
0.46,0.265,0.131,0.352,0.344
0.47,0.266,0.133,0.337,0.357
0.48,0.267,0.135,0.322,0.37
0.49,0.268,0.137,0.308,0.384
0.5,0.269,0.14,0.294,0.398
0.51,0.27,0.143,0.28,0.412
0.52,0.271,0.145,0.267,0.426
0.53,0.272,0.148,0.254,0.44
0.54,0.273,0.151,0.242,0.454
0.55,0.274,0.154,0.23,0.468
0.56,0.275,0.157,0.218,0.483
0.57,0.276,0.16,0.207,0.497
0.58,0.277,0.163,0.196,0.512
0.59,0.278,0.166,0.186,0.527
0.6,0.279,0.17,0.176,0.542
0.61,0.28,0.174,0.166,0.557
0.62,0.281,0.178,0.156,0.572
0.63,0.282,0.182,0.147,0.587
0.64,0.283,0.186,0.138,0.602
0.65,0.284,0.19,0.13,0.618
0.66,0.285,0.194,0.122,0.633
0.67,0.286,0.199,0.114,0.649
0.68,0.287,0.204,0.106,0.665
0.69,0.288,0.209,0.099,0.681
0.7,0.289,0.214,0.092,0.697
0.71,0.29,0.219,0.085,0.713
0.72,0.291,0.225,0.079,0.728
0.73,0.292,0.231,0.073,0.744
0.74,0.293,0.237,0.067,0.76
0.75,0.294,0.242,0.061,0.776
0.76,0.295,0.248,0.056,0.793
0.77,0.297,0.254,0.051,0.809
0.78,0.298,0.26,0.047,0.825
0.79,0.299,0.265,0.042,0.841
0.8,0.3,0.27,0.038,0.857
0.81,0.301,0.275,0.034,0.872
0.82,0.302,0.279,0.031,0.888
0.83,0.303,0.283,0.027,0.904
0.84,0.304,0.287,0.024,0.921
0.85,0.305,0.29,0.021,0.937
0.86,0.306,0.293,0.018,0.953
0.87,0.307,0.296,0.016,0.969
0.88,0.308,0.299,0.014,0.985
0.89,0.309,0.301,0.011,1.002
0.9,0.31,0.303,0.01,1.018
0.91,0.311,0.306,0.008,1.035
0.92,0.312,0.308,0.006,1.052
0.93,0.313,0.309,0.005,1.069
0.94,0.314,0.311,0.004,1.087
0.95,0.315,0.313,0.002,1.105
0.96,0.316,0.314,0.002,1.124
0.97,0.317,0.316,0.001,1.143
0.98,0.318,0.317,0,1.163
0.99,0.318,0.318,0,1.183
1,0.319,0.319,0,1.204